,label,category,level,weight,parent,1D,1W,1M,3M,1Y,2Y,5Y
VOO,US,stocks,1,200,,0.7989405210539027,3.0179374572358126,6.574838746983898,1.4349257506217314,11.60839955954939,19.064982288687393,96.19267714159352
QQQ,Nasdaq 100,stocks,1,180,,1.3999441886586461,4.308838066711674,8.434557597917442,4.092860195778857,12.770003190943122,27.147205763430236,145.13167202064773
IWM,Russell 2000,stocks,1,70,,0.24933515357648592,3.0960685929608918,6.977208646331795,1.8566506809119194,23.114914568307384,13.59799637381959,58.612633672724066
EWJ,Japan,stocks,1,70,,-0.3802750848440518,1.0666089534795642,5.097344772653945,-5.214431693334229,21.534508392791075,39.37201204981232,94.89742812180698
FXI,China,stocks,1,70,,-0.027103067765321558,1.7379339810075431,2.4444474114312067,-6.561945965254652,-1.3486980262537596,26.598897116137376,84.79319773049976
EWG,Germany,stocks,1,60,,0.4029437998961108,1.8269282791038028,7.322014948741759,-3.836546324584585,1.2428309174647763,35.764274500725406,110.99016939661925
EWU,UK,stocks,1,60,,-0.561681837898458,0.2727104533432178,5.892777765571046,0.7800947280288961,20.661800129554774,42.707332778622195,96.58482720145929
INDA,India,stocks,1,60,,0.5633778168986788,1.29712076949572,5.398569110379099,-6.631793980973404,-4.3627991820225995,-8.286408304902283,20.317430785568323
EWT,Taiwan,stocks,1,50,,0.6607639762452935,4.93890733270664,11.534740357126068,10.074982335897024,42.7957312214778,65.4967179419253,178.81845189969758
EWZ,Brazil,stocks,1,50,,-0.647017638929987,0.31453483585449765,10.442189859734174,5.873338217626531,56.330675390564544,72.84480530788382,67.44884512804838
EZA,South Africa,stocks,1,40,,-1.0183299178024692,1.0535100397291153,10.170777607928205,-4.743234432665334,36.88548615293459,74.71881087006508,128.2824664180047
EWA,Australia,stocks,1,40,,0.26507595393342304,1.4075069508922926,8.848924673860527,3.276453982316209,15.443460958933663,21.049208531258063,66.26259797757456
EWY,South Korea,stocks,1,45,,-1.199887233923032,4.46190631589379,13.449194138469988,10.964771360025386,102.4801236949221,160.95310553493937,204.53193352514322
EWC,Canada,stocks,1,45,,0.589255022690176,2.2551138686495387,6.241991178364362,2.58041540689968,22.683852963912983,39.47273519625302,92.41419661348674
XLK,Technology,stocks,2,150,VOO,1.5952417002874353,5.384944746534194,9.900562363831536,5.257656859385297,14.737758285034083,30.989234546873472,151.96308725261406
XLF,Financials,stocks,2,100,VOO,0.753185397533015,2.7575294436846023,5.735707352260695,-0.5722960107657198,1.625926907635715,4.164587343456667,64.6092534097222
XLV,Healthcare,stocks,2,90,VOO,-0.7122203490913163,0.3122712113848322,1.0462245089073074,-5.0384111669691425,14.696791665585934,3.212593906972347,19.927109419770055
XLY,Consumer Disc,stocks,2,80,VOO,1.4943299787760784,4.685978336547334,6.728074345150546,0.558254152548397,6.382662074496692,8.76958710276771,77.59238391010781
XLP,Consumer Staples,stocks,2,60,VOO,-0.5032572185664642,-1.5903910942174155,-0.5520851010218484,-7.787032897580966,1.3649889907316834,1.9061747701098766,24.930709975964408
XLE,Energy,stocks,2,70,VOO,-0.3395932775967094,-2.0723574528192485,-7.941227336182463,2.081336003888507,34.763379141843444,22.972174432446756,41.54883075001523
XLI,Industrials,stocks,2,70,VOO,-1.2518104132275343,-0.1982343681262836,3.6826083267698673,-1.8182410122413315,14.596548145363613,22.150830707599155,95.03818373184913
XLC,Communication,stocks,2,60,VOO,0.6863444307775123,2.9925438819083516,5.312273904568491,0.8519031944042329,10.022831228222232,22.076949552760713,161.88227528912185
XLU,Utilities,stocks,2,40,VOO,-0.9683683045374456,-2.001700692153112,1.7016584701959598,3.928558321673117,9.794917687943276,15.947837891140848,54.34518009193901
XLRE,Real Estate,stocks,2,35,VOO,-0.04605217044239421,1.3778611788715303,7.797366163285145,2.1069544742353736,7.450135511002013,1.0682638164000167,37.28182807740651
XLB,Materials,stocks,2,35,VOO,-1.211300276387698,-1.1162394660833321,3.987049639317709,-3.751405609632978,19.093056179042087,12.218030407187975,52.29232934591326
NVDA,Nvidia,stocks,3,150,XLK,1.2009570384825725,5.428611551347122,11.299531715361915,4.64654260331032,10.85890674234669,46.99932608665003,1406.3981482591819
AAPL,Apple,stocks,3,140,XLK,2.936292739556162,2.2842373458612233,5.466708030054174,-3.292198665778131,25.31806155563364,14.02775887555996,86.96236993775258
MSFT,Microsoft,stocks,3,140,XLK,4.606857252161794,10.87982490758408,10.829018906438671,1.9261100098099722,-21.208366000291896,-1.8418882222565083,92.2772228909783
AVGO,Broadcom,stocks,3,90,XLK,4.1861448848433875,6.774327615308481,24.43775422939501,15.985583217917764,32.26217326472374,151.90670338124187,819.3910000121115
AMD,AMD,stocks,3,70,XLK,1.1957453661307655,5.337904909171782,17.18345217713274,20.854009225716126,58.23933474970422,89.45976564140615,340.25241414767936
ADBE,Adobe,stocks,3,55,XLK,3.7926363461349992,8.568891517901095,3.123289214798472,-4.860786989420075,-29.211270436146545,-52.37112460081133,-18.776972753928245
CRM,Salesforce,stocks,3,55,XLK,3.6717113038137086,7.662462945684319,-2.1520227392924918,-3.75989971153257,-28.305134274564033,-45.63467596957274,20.130286395366035
ORCL,Oracle,stocks,3,50,XLK,4.177912612634203,22.97052796140849,16.698441873602242,8.42648686045926,-33.256630245094435,-5.553972308470998,136.04426455138906
INTC,Intel,stocks,3,40,XLK,1.7708839426357064,4.103881579764077,37.643073381417814,34.47919074386516,218.17737837778733,174.58775259566767,148.9252692611809
CSCO,Cisco,stocks,3,40,XLK,-0.30262679839355117,0.17027412742629033,1.193055711398124,-3.1958378951372617,21.011515559350467,44.031399250375856,103.90117590216074
BRK-B,Berkshire,stocks,3,90,XLF,-0.7224551127231279,-1.2106683960173128,-0.44100172047900654,-5.1857912174531595,1.1046880286891654,-1.8609734379940321,63.784291554318514
JPM,JPMorgan,stocks,3,80,XLF,-1.6681674347067812,-1.2715017599287755,4.087619252512243,-1.0695452089056332,6.533172453912063,26.2746498455217,161.93605795105418
V,Visa,stocks,3,70,XLF,1.4580751569248647,3.794854404794898,3.6076218778934575,-4.048714301921966,-6.473596149274867,1.3059519823907966,61.493651128569084
MA,Mastercard,stocks,3,65,XLF,1.3251323532612647,4.271451119825464,3.5988485348297052,-3.0897984878913225,-8.224025369265513,-1.455160263006024,65.9956421156929
GS,Goldman Sachs,stocks,3,60,XLF,-1.1147405641861865,-0.915399611184938,6.848090081229159,-4.273413002621217,26.05499061125266,53.155340613001975,180.56084587589808
MS,Morgan Stanley,stocks,3,50,XLF,4.516198835325088,7.869846754994818,15.67763487931785,8.455967319866309,37.18988365632328,50.95760892339454,152.7431917069372
BAC,Bank of America,stocks,3,50,XLF,1.8181841582875606,3.3878925547769176,11.425640399639423,1.4430473530857513,21.56844431725746,17.653743588896166,64.71234226741636
WFC,Wells Fargo,stocks,3,40,XLF,-1.7258214019372502,-5.98360716516272,0.03737699787991052,-9.735802506833004,5.122159722033541,6.771027369852985,87.34448369396388
LLY,Eli Lilly,stocks,3,80,XLV,-1.8937637618563687,-3.6658906064314336,-1.2310209745362348,-10.704137174907135,21.905489450390682,15.873373354990935,162.26052364158735
UNH,UnitedHealth,stocks,3,75,XLV,-0.044563686733988785,3.1939018991133925,16.078359623984618,13.474422634303322,30.45389144889047,-46.49241274903166,-38.28971408683104
JNJ,J&J,stocks,3,60,XLV,-0.5955884623983664,0.0880614984340321,-0.5251508962193715,-0.382465912557566,42.58431917494136,59.12709127070924,55.22517085809482
ABBV,AbbVie,stocks,3,55,XLV,-0.8751052915255372,0.2308337606537812,0.5985160425720082,-5.645344404526947,7.800046927188592,18.769430226395585,62.25927079976199
PFE,Pfizer,stocks,3,40,XLV,0.2950937731646818,1.0029734658189593,-0.32991257449619044,-1.9473458964765706,17.5606168963331,14.77261354991417,-29.53662220634334
MRK,Merck,stocks,3,50,XLV,-1.7172370576154758,-2.8990254456836992,-1.2314661865459462,-0.44986791724888575,52.28056403781957,20.46638251670101,31.797682643467628
AMZN,Amazon,stocks,3,130,XLY,-0.20882028091686314,4.245320458887685,17.377541032274237,21.765973035279522,11.780847793182765,20.783509947100047,169.7568308629042
TSLA,Tesla,stocks,3,100,XLY,7.6194396128205995,12.322681901638163,1.5546054696797058,-8.480626179361161,22.518835835159102,17.741594809014185,82.31929481651869
HD,Home Depot,stocks,3,55,XLY,-1.108805663014014,0.4654079982399063,1.9247522506151058,-12.671286440918273,-10.721152361988995,-18.143732326082013,28.300919608671553
MCD,McDonalds,stocks,3,50,XLY,1.0025752037080033,0.1897465008313265,-1.7452686006932199,-4.714933664764231,1.2734248698702437,7.445432155232333,22.779350688620113
NKE,Nike,stocks,3,40,XLY,2.8054249827281383,6.616611369069106,-14.231787430493197,-26.63735484071626,-38.69520017251238,-39.93478147523216,-46.41995218926237
NFLX,Netflix,stocks,3,65,XLY,1.3455027489653513,4.5626607618418,16.720850140103728,35.28007456530324,-8.602607193194245,22.768821278822305,294.5421322146163
PG,Procter & Gamble,stocks,3,60,XLP,-0.6926166824912219,-1.2262322502004055,-0.37520378891258965,-10.387496948242188,-4.875203618984199,-17.365620172579273,17.16496152991792
KO,Coca-Cola,stocks,3,55,XLP,-0.777343814787656,-2.788180751354028,0.07973097487541528,-3.5269385319742512,10.697807739692891,22.081475609137716,42.11172355292266
PEP,PepsiCo,stocks,3,50,XLP,-0.5586919537423131,-1.4071001460786678,2.0562910853692715,-7.636148908193887,13.142653785430488,0.7007200301181805,-2.6204135901245635
COST,Costco,stocks,3,60,XLP,1.0207234644677146,-1.3740994827779711,1.0145061646848574,0.6757708766201797,1.9544894235641679,3.0878081896379594,112.49294314126013
WMT,Walmart,stocks,3,55,XLP,-0.23190796357462962,-1.5855443401921652,1.3814436952408349,-2.9152423351481103,21.48169614968853,37.671250925558375,177.43339537713453
XOM,Exxon,stocks,3,70,XLE,-0.15412153434868417,-2.294931562562688,-8.728408966964244,-3.5721247111020356,43.38866902081756,32.167698293625016,52.944458975005524
CVX,Chevron,stocks,3,60,XLE,-1.12822188116176,-1.9305220528950304,-9.865947275917444,0.48372605965625826,24.954844308372152,20.51974932672806,19.572575273936447
COP,ConocoPhillips,stocks,3,45,XLE,0.10943450830546839,-2.962060214131045,-7.763899073513449,7.7649912814314925,30.979798865094203,15.458883128032614,5.513999807074281
SLB,Schlumberger,stocks,3,35,XLE,1.80616908169075,0.963020064779322,1.0213890644265544,1.667953399434528,63.027945146842846,25.38561887304494,11.53717066145181
CAT,Caterpillar,stocks,3,55,XLI,-3.031793149492446,-2.591504683471496,7.110870945324284,-0.6232280115927419,81.00389772322615,94.11184987021613,278.7161446568529
GE,GE Aerospace,stocks,3,55,XLI,-1.2798765170499213,1.8096275212630863,5.857160527442873,0.20951061488301762,15.737997150332985,75.3565350829567,562.6373759983561
UPS,UPS,stocks,3,40,XLI,0.33908009105011866,1.8387441521101766,5.286161231120701,-12.48804820325945,26.211709399118877,-17.281588266391864,-24.979759922003996
BA,Boeing,stocks,3,45,XLI,0.07149680487359317,2.89481581198379,12.183754316450054,-5.2188276126866375,-0.4932459311533235,46.93569661681394,51.90963103770735
HON,Honeywell,stocks,3,40,XLI,-0.4501813698459146,-1.2125557037678445,2.83449636634827,-3.855472385497956,14.19790901888421,10.164601804892554,32.380308112458856
LMT,Lockheed Martin,stocks,3,45,XLI,-0.078492019113131,-0.426904002192699,-2.098692144329661,-2.2871737216760257,43.38288544061659,21.045402565171727,39.14020496377891
META,Meta,stocks,3,110,XLC,1.3721002565265765,6.623699347243786,12.89145901813931,0.518177362604937,-12.802337239113315,18.555579020409393,647.5703186883713
GOOG,Alphabet,stocks,3,120,XLC,1.176724183690755,5.938806514476372,15.497774595240843,7.508318963627274,70.23326569251357,96.92648501671329,287.292979039898
DIS,Disney,stocks,3,50,XLC,0.43864372131819046,3.9023926772582187,7.389269612076883,-4.698484741034915,-9.926922652910513,-11.01941605890392,3.5813547933509002
CMCSA,Comcast,stocks,3,35,XLC,0.5685851132994936,1.3247365837522034,-0.3513042408361562,-11.856314389353383,-2.881345692296585,-24.64070457882375,10.020750475531731
TMUS,T-Mobile,stocks,3,40,XLC,0.1000012849506579,-2.8205018052711623,-10.016085403014753,-8.798072511736192,-19.43474819941139,-21.167318699200155,31.85511806225756
NEE,NextEra Energy,stocks,3,45,XLU,-0.07666158875899635,-3.0187116411680432,0.08775142436002974,0.549613070514998,32.12269382049844,20.64139531116004,30.367122873128327
DUK,Duke Energy,stocks,3,35,XLU,-1.3869590378285819,-2.890955401239946,-0.14044967230989439,3.091061134690325,4.877709638097205,13.897315305866996,58.09432318822358
SO,Southern Co,stocks,3,35,XLU,-1.375572850581455,-2.5836357146755704,0.03170783120531208,4.978408796056595,2.3770459061409452,9.845416931879242,65.9148661124648
AMT,American Tower,stocks,3,40,XLRE,0.32878057877352934,-0.2964918327859299,6.86819129960493,-0.9538869940771549,-12.834400332333768,-10.809502997002998,-2.879141259683959
PLD,Prologis,stocks,3,40,XLRE,1.0190833014522869,1.8806048437506255,7.2184746993336155,0.7252353031345674,35.49444296976193,24.944809591812973,46.10428118986734
SPG,Simon Property,stocks,3,30,XLRE,-0.6651586809508053,0.5185188453683791,11.037061451646355,4.706423374994393,24.697503126707044,17.96109904313999,118.14157436489425
LIN,Linde,stocks,3,45,XLB,-0.3422378616965208,-1.0354748123379691,1.1374266046166128,6.8667101167841444,6.696351882146373,11.103334932148412,77.14813240148472
APD,Air Products,stocks,3,30,XLB,-0.4787153707850187,-1.1717050316766362,2.4030214130379894,1.3375570580491172,4.205585780943409,-7.912614168682921,31.592437364318066
SHW,Sherwin-Williams,stocks,3,35,XLB,-1.4268614144293437,-2.1629791825636038,2.140078853741041,-10.192349909679187,-5.610383057672607,-15.599815086752885,57.356518655935304
7203.T,Toyota,stocks,2,120,EWJ,1.6536380036079374,1.8680325399216633,2.7963634403995177,-7.610594318434649,28.046358102695972,37.955651613111456,86.31522611576625
6758.T,Sony,stocks,2,100,EWJ,1.8292682926829267,0.4511278195488722,2.665678180519093,-5.8128903625207915,-9.27984631345596,11.720564008927754,58.90536977454614
6861.T,Keyence,stocks,2,80,EWJ,-0.15910898965791567,0.4964766175528507,8.171004999138079,11.321417238617638,13.57115168316703,-0.7311806056015941,10.47938659181615
9984.T,SoftBank,stocks,2,70,EWJ,4.761904761904762,17.628374801482266,16.83388834267292,-5.415462446518076,43.78067981554176,98.98258038393291,169.90432010782754
8306.T,MUFG,stocks,2,65,EWJ,2.2280701754385963,2.5158339197748067,8.73501347513892,-2.572139804295148,44.395141186629424,72.76534158470274,364.14974208384587
6902.T,Denso,stocks,2,50,EWJ,-0.5969374513366208,-0.9311950336264873,1.3214555917111572,-9.362583177472468,-5.201193541802304,-6.976159486247453,13.059683152567239
9432.T,NTT,stocks,2,55,EWJ,1.2491741092970665,0.587847067671481,-0.5649717514124294,1.827149961050087,4.025396825396825,6.207153611232685,6.204191914057954
4063.T,Shin-Etsu,stocks,2,60,EWJ,1.7027632561613146,3.859060402684564,9.12435357029528,26.04674062883845,58.596446054779165,26.664019209926725,135.84164814116235
7741.T,HOYA,stocks,2,45,EWJ,2.142857142857143,1.8311291963377416,5.665024630541872,6.773333333333334,61.751295768495815,56.88829080561246,130.5814475586833
6501.T,Hitachi,stocks,2,50,EWJ,5.3056284042767805,8.523908523908524,6.945298094652736,-7.610619469026549,26.491417196417867,41.41217061139438,290.8821013803284
SHEL.L,Shell,stocks,2,120,EWU,-0.8739446007998815,-2.1780441455927493,-2.5342266239440723,14.835902877086296,22.756689328003482,31.901384552931127,37.99924884482201
AZN.L,AstraZeneca,stocks,2,110,EWU,-1.018903338249095,-3.0466185160866712,5.546819156540386,-0.3406982894561225,33.60358507986278,40.24554404753016,40.46469594996314
HSBA.L,HSBC,stocks,2,80,EWU,-0.4015484992559412,-0.059687120351932674,11.135087842618828,2.6408561377040494,43.445686885817594,83.16451580997564,193.95582812273642
ULVR.L,Unilever,stocks,2,75,EWU,0.023529411764705882,-1.4375144910734987,-6.024096385542169,-20.08799267670062,-11.939638626787863,-15.980593998291248,0.7829329801821282
BP.L,BP,stocks,2,65,EWU,-0.5308795132913212,-2.0902282721319696,-0.583666198377851,18.91581506329194,30.66869506193019,46.425841820368724,16.259723687917155
GSK.L,GSK,stocks,2,55,EWU,-2.6940639269406392,-2.068014705882353,3.7487828627069133,-0.8758530411150686,55.250833253145856,58.63706170043782,47.616896182432164
RIO.L,Rio Tinto,stocks,2,55,EWU,-0.9165526675786594,-1.3886997957794418,10.884874464176363,-0.46802692751782543,60.92866426400102,47.47674732934678,57.43219033743087
LSEG.L,LSEG,stocks,2,50,EWU,1.092896174863388,3.1445138269402317,8.619069985908876,25.304795448387974,-8.411139224447728,-17.693971378843216,20.805016469121384
BARC.L,Barclays,stocks,2,45,EWU,-0.4740955064098969,-0.03401222142502835,11.635860450045026,-7.664751433324958,20.83778556384854,70.30914200499429,194.08359690696392
DGE.L,Diageo,stocks,2,45,EWU,-1.2619175870555983,2.081887578070784,7.489952502740227,-19.901987476177514,-25.818150299720866,-37.51128775336709,-59.12859176421469
SAP.DE,SAP,stocks,2,120,EWG,0.0,2.9272504578293415,-2.3417204394448334,-15.112422062800482,-42.350812459216385,-34.246344357626555,53.93597256926247
SIE.DE,Siemens,stocks,2,80,EWG,0.0,3.3994348030073347,12.016051266072429,-5.446300615555601,10.63646355893351,38.54220750782799,137.9338565248875
ALV.DE,Allianz,stocks,2,70,EWG,0.0,1.775778537980676,8.535899731207234,4.689207409881206,8.967084747679637,39.1332808405509,140.66124832396142
DTE.DE,Deutsche Telekom,stocks,2,65,EWG,0.0,-7.260406636391585,-8.193357183017445,-2.2986285531103037,-5.2318518309805295,2.1122297934265446,67.22862954210565
MUV2.DE,Munich Re,stocks,2,55,EWG,0.0,2.074984141302935,6.982063093024585,5.136850792049548,-4.98136628363022,18.43297684348813,130.05823788049344
BAS.DE,BASF,stocks,2,45,EWG,0.0,-1.773311164851617,7.417031288524953,4.08756422706598,25.71361121238911,34.32735597929956,44.85834527202213
BMW.DE,BMW,stocks,2,50,EWG,0.0,-1.5982781445864969,4.589253134672456,-7.780012470043368,-2.643377295537128,27.123064532227204,24.866224327426494
MBG.DE,Mercedes-Benz,stocks,2,50,EWG,0.0,1.7631788123731844,4.8775882006478275,-5.383949768435701,9.835744876216431,13.84444179547081,19.48936003240174
ADS.DE,Adidas,stocks,2,45,EWG,0.0,0.0725622950015508,3.95778382326721,-10.338107178010041,-15.346839126271778,-36.85527839698429,44.69691371955142
DBK.DE,Deutsche Bank,stocks,2,40,EWG,0.0,2.977267377109888,10.622212688560028,-8.804733101647475,-4.1806608815549975,89.78006503276691,218.1688026708169
BABA,Alibaba,stocks,2,120,FXI,1.4693510362384317,4.672894732332466,2.6257055442501374,-18.889975146895555,10.276351237980673,56.522332818798226,116.90850111069328
0700.HK,Tencent,stocks,2,120,FXI,1.1759910075862043,-1.0901883052527255,-1.2858555885262115,-8.94160583941606,-12.225153913808267,24.964238846673858,133.45719196002602
1211.HK,BYD,stocks,2,70,FXI,-1.9195598216004892,2.093248914916425,0.8458660836203139,8.219870297986525,-3.8530425458387496,25.65952140286659,73.92925925243453
PDD,PDD Holdings,stocks,2,65,FXI,-0.12732346264522096,1.7969482725975021,-0.6237202863673628,-2.486371312717698,-10.505530072161188,3.2085000718923693,90.20705103482824
JD,JD.com,stocks,2,55,FXI,0.7039978027343751,8.779809821586095,9.552683892000125,15.288024360421204,3.9946503021732154,-9.780130343921996,-12.063704015746874
3690.HK,Meituan,stocks,2,55,FXI,1.410111162342312,-1.4840130650770817,-4.111107720269097,-2.870000524655052,-28.73657791977594,-51.02156382153174,-41.17245750031906
0939.HK,CCB,stocks,2,50,FXI,0.0,0.35502643370829096,4.950490375089083,4.049079008000802,9.6866662332781,57.579032310800535,158.4565041555188
1398.HK,ICBC,stocks,2,50,FXI,-0.5689962659514065,0.28694378089735556,6.392687800350247,6.554875489166964,17.293191932673057,64.55975966051442,155.02761723515889
BIDU,Baidu,stocks,2,40,FXI,2.2921415947957247,11.557972840172742,4.619380655511515,-16.66206828098043,39.31575376416285,42.584299547912046,54.79330179563709
NIO,NIO,stocks,2,35,FXI,-2.279636734143715,-1.0769257178673377,11.245667732455425,26.824449913807218,39.47938486146536,46.80364521313205,-32.244468035629836
RELIANCE.NS,Reliance,stocks,2,120,INDA,0.0,-2.599613157701071,-6.935107330913697,-10.458227050622568,-5.201589520987855,2.099632563353703,13.167710880227704
TCS.NS,TCS,stocks,2,90,INDA,0.0,-2.0480905665662075,4.00438290666401,-15.025085704701608,-16.665932978897686,-39.870952343916514,-15.177656510116138
HDFCBANK.NS,HDFC Bank,stocks,2,80,INDA,0.0,-1.9252099001540754,1.5850728119075588,-14.281088001887607,-19.941571282776767,-11.113837999612244,9.07457425667594
INFY.NS,Infosys,stocks,2,70,INDA,0.0,-1.2146964156189555,-0.17980820903064565,-13.254974682373783,-9.769162937222319,-31.6920738337548,-10.373201280879101
ICICIBANK.NS,ICICI Bank,stocks,2,60,INDA,0.0,2.2089379402816784,7.255698019916154,-3.91152840871652,-5.685429239004654,4.6763464906382275,53.03966262228214
HINDUNILVR.NS,HUL,stocks,2,50,INDA,0.0,-1.3037673186862555,-0.35600981274204063,-13.630271813012602,-15.447161966661788,-12.884804121534394,-10.754613703067362
ITC.NS,ITC,stocks,2,45,INDA,0.0,-1.8405936248202546,0.9976265024256159,-6.158682200633346,-25.992962264223713,-31.318467648315707,-0.7502531150930023
SBIN.NS,SBI,stocks,2,45,INDA,0.0,-0.2952941303024831,0.2781513586739154,-10.089608007663733,32.09340080466492,30.06902348231567,95.96326032714292
BHARTIARTL.NS,Airtel,stocks,2,55,INDA,0.0,0.04812964781082888,1.9619597537198714,-7.017541518072759,-3.0471020493162304,19.579149846831868,135.32358039647409
LT.NS,L&T,stocks,2,40,INDA,0.0,-0.1414140168621588,8.357767131204861,-5.181753754458359,8.98192468459337,7.9076206298141605,102.0723225653962
VALE3.SA,Vale,stocks,2,100,EWZ,0.15854969967144356,3.3298355245447415,11.175360211946586,-1.8314951310419911,79.16269165174612,73.7297221795092,72.17081673994664
PETR4.SA,Petrobras,stocks,2,100,EWZ,-2.067672632376087,-4.364673552780225,-1.2842118112664473,23.13549667796784,52.91570891664493,44.575229111016206,196.86270392291672
ITUB4.SA,Itaú,stocks,2,75,EWZ,1.0960716733510636,2.105494306769229,9.187199461362509,-3.8547741892928036,44.79106355422978,82.09884569489672,130.0874952606423
BBDC4.SA,Bradesco,stocks,2,55,EWZ,0.09623941171422265,1.761246054779163,9.676331224191815,-1.7432099704261677,41.15004933693962,78.92262563927218,41.36181883149025
ABEV3.SA,Ambev,stocks,2,50,EWZ,-0.37759860491074443,-1.7990130299592157,5.46302253377983,0.3804658478170474,41.59440704515635,51.31235702477531,33.21819669344521
WEGE3.SA,WEG,stocks,2,55,EWZ,-3.7379622049508154,-5.521940099587547,3.694476479913299,-6.570124872179404,36.34068071265561,1.4936090643048938,38.822479408573855
B3SA3.SA,B3,stocks,2,40,EWZ,0.8130073421291051,1.6914398761386777,10.669348070699867,15.213902040413965,61.96871764128835,114.65745140406598,47.99444608615965
RENT3.SA,Localiza,stocks,2,35,EWZ,1.863104367465384,5.999997197365274,10.417449574517121,2.853129537107401,52.16362036024614,34.77279948528866,-15.532950238870544
2330.TW,TSMC,stocks,2,200,EWT,1.2165450121654502,4.0,12.737127371273713,8.970564883313019,86.85485909419144,112.90248781028127,460.7359211412458
2454.TW,MediaTek,stocks,2,70,EWT,4.069767441860465,13.65079365079365,10.493827160493826,-3.5040431266846364,38.23479254477387,51.963957309051736,268.39242588339863
2317.TW,Hon Hai,stocks,2,60,EWT,0.0,3.4912718204488775,3.75,-8.590308370044053,11.559139784946236,9.433068861285197,126.67183504871444
2881.TW,Fubon Financial,stocks,2,40,EWT,-0.11415351125906176,-0.11415351125906176,-1.4639673503165254,-8.08823234776833,6.264813308303976,6.167977350436528,110.88092080942249
2882.TW,Cathay Financial,stocks,2,35,EWT,0.2751094718464836,0.0,2.100840291237705,-7.487311291096827,16.267943602591536,15.581889187062531,114.25354712461872
2303.TW,UMC,stocks,2,35,EWT,4.020096617270917,0.1612878614856351,5.076142263038552,-1.1146509099419821,52.57984597058785,48.89405126853351,90.20193429672341
3711.TW,ASE Tech,stocks,2,30,EWT,5.306603773584905,13.61323155216285,26.84659090909091,25.952045133991536,207.9310344827586,207.88457341915966,543.878273224354
2412.TW,Chunghwa Telecom,stocks,2,30,EWT,0.3703703703703704,0.0,0.3703703703703704,1.8796992481203008,2.2641509433962264,13.952755586219126,40.245294644720595
005930.KS,Samsung,stocks,2,150,EWY,2.1791767554479415,2.4271844660194173,11.64021164021164,25.744934445768774,209.55185469217827,285.4721748691781,279.55965570926134
000660.KS,SK Hynix,stocks,2,80,EWY,2.9918404351767904,10.613437195715676,14.170854271356784,32.336769118935344,341.2210311393272,583.3057018582637,1287.4341827989954
373220.KS,LG Energy,stocks,2,50,EWY,2.0,-0.9708737864077669,3.5532994923857872,4.081632653061225,6.25,1.8726591760299627,-28.295254833040424
005380.KS,Hyundai Motor,stocks,2,55,EWY,3.3570701932858595,3.7793667007150153,1.3972055888223553,0.24165663643733654,147.5422040727819,146.2010620298396,269.0622071649968
035420.KS,NAVER,stocks,2,45,EWY,4.714640198511166,4.455445544554455,-2.088167053364269,-17.19750339190396,-6.688649376242919,5.547933604534622,23.870498090757888
051910.KS,LG Chem,stocks,2,40,EWY,3.6603221083455346,-0.5617977528089888,12.036650859753712,10.473347280983516,18.364303131732637,18.805962322526515,-45.535109852914026
055550.KS,Shinhan,stocks,2,35,EWY,1.5259409969481181,1.1144883485309016,8.360477741585234,-0.2336555527596237,47.67564950569974,89.9018038917204,225.1414829578727
035720.KS,Kakao,stocks,2,35,EWY,3.118503118503119,3.9832285115303985,1.1213047910295617,-15.671473924842175,-12.553692367586603,29.711883037016758,-4.678834198480113
BHP.AX,BHP,stocks,2,100,EWA,0.017829120325346767,3.945907903257072,11.951320443177716,11.956876253281987,46.48333535331465,49.92423214654656,69.69410436748686
CBA.AX,CommBank,stocks,2,90,EWA,-0.17981790724282784,-0.10361131876273506,6.400653069443223,9.4836480006887,5.263453234748161,21.311704006693315,95.59857028030922
CSL.AX,CSL,stocks,2,70,EWA,0.9849366977960841,0.179610601059685,-1.0993708712444619,-13.584603842041787,-47.00353180655675,-48.696957951709344,-47.69085287984398
NAB.AX,NAB,stocks,2,50,EWA,-0.38039421384925504,-1.8518521633269003,4.2622942911135695,-2.1323393820895062,16.471086991863345,18.637211987890936,61.98174371878651
WBC.AX,Westpac,stocks,2,45,EWA,-1.9045345328968442,-4.863226113613759,0.7677007191526044,1.0429554610654117,22.336790924085197,28.283893795092407,101.63893178978331
ANZ.AX,ANZ,stocks,2,45,EWA,-0.6240194214316165,-1.596289725666892,3.6053181161827133,2.741936658183751,26.512362273467332,28.05526734268242,80.8673474683674
FMG.AX,Fortescue,stocks,2,40,EWA,0.8252430735237515,2.5172765208304404,3.5910286688304214,-3.00292484234747,18.859568504260164,21.80054482990424,72.22409945397203
WDS.AX,Woodside,stocks,2,40,EWA,-2.3557104199873966,-0.36057372682181604,-1.3682305148332388,30.79615795187065,30.65949209206519,49.483487453642674,14.892936195769735
RY.TO,Royal Bank,stocks,2,90,EWC,0.4279002744249175,1.6312136857211643,7.674496195225509,2.995184942356157,34.93316569467017,43.22515571299629,116.99637290945093
SHOP.TO,Shopify,stocks,2,80,EWC,8.121955046136108,14.09312859626199,7.005864363048082,9.213888437051432,-17.68161055717163,11.02027823405338,281.09636238710254
TD.TO,TD Bank,stocks,2,70,EWC,0.5776733651623402,2.505747791320939,10.422299213059336,8.959137361243139,44.96250239852803,92.19487395432674,92.29575637402966
ENB.TO,Enbridge,stocks,2,50,EWC,-0.9588999290988869,-3.8180061022978315,-3.9713080454391285,4.745678670105979,16.638298422279235,29.123455789227705,71.19952956968001
CNR.TO,CN Rail,stocks,2,50,EWC,-2.1010345321985566,-0.847230613866137,7.306843841713791,5.3522939642450655,18.97126698109855,0.4238642903470389,2.5066548197596217
BMO.TO,BMO,stocks,2,45,EWC,0.5384984685560413,2.823811901213988,8.391826565707017,5.3179462139423075,35.161906537017984,62.3439644962349,90.84413447357566
BN.TO,Brookfield,stocks,2,55,EWC,1.8804785739853087,9.56298539327209,15.899203194387113,1.160490750915154,3.7166620581006087,12.41576631822576,129.01197262957766
CP.TO,CP Kansas City,stocks,2,40,EWC,-1.5816920955102862,-0.27755858287398033,0.9246286100201099,-1.9221942535651528,6.588834353749841,6.708699221393667,13.481639608785725
STXIND.JO,Industrials,stocks,2,150,EZA,0.0,0.23849823049699953,2.004227667736632,0.36977120406748326,-2.5709100867183934,13.065277829802286,65.10749433335
STXFIN.JO,Financials,stocks,2,100,EZA,0.0,0.07689350249903884,3.705179282868526,-1.4388489208633095,23.448975045492038,22.56162229058606,66.1051691078842
STXRES.JO,Resources,stocks,2,80,EZA,0.0,1.2171902624779,12.22104945717732,-1.1882634094530005,60.549258996046795,153.79514931210224,130.12616957006023
NPN.JO,Naspers,stocks,3,150,STXIND.JO,0.0,1.2600739124627098,0.13319096943212214,0.42835062927798634,-18.942710178816196,10.22695732087593,121.33863455519199
PRX.JO,Prosus,stocks,3,120,STXIND.JO,0.0,1.807620237351655,0.5775709931012354,-2.554015759329451,-21.893470212478245,11.403375373138154,108.54166693738232
CFR.JO,Richemont,stocks,3,80,STXIND.JO,0.0,2.6942546627709554,8.879350502428961,-2.082086515213176,13.818753601934278,30.217565837318578,
BTI.JO,BAT,stocks,3,70,STXIND.JO,0.0,-2.051373155540693,-3.5432017453587457,-2.1379252458254716,-6.276872339717464,36.33055020338257,36.63815110850327
SPP.JO,Shoprite,stocks,3,60,STXIND.JO,0.0,1.502666020358701,-2.574441687344913,-29.192966636609558,-40.40978941377348,-55.37718425912772,-60.04940315083891
MTN.JO,MTN,stocks,3,55,STXIND.JO,0.0,0.5000490244141582,0.6640026255504343,6.7426122996656455,28.842330303075315,152.51430181605923,55.4809555086861
MNP.JO,Mondi,stocks,3,45,STXIND.JO,0.0,0.2464604090194022,-1.6412842148590245,-7.090697189209734,-23.906427933051926,-29.718491362606525,-42.55534501699118
APN.JO,Aspen,stocks,3,40,STXIND.JO,0.0,-1.887623944179214,1.2429892375322116,22.494268684089867,18.827021822292227,-19.565893369148228,-9.883948488104807
VOD.JO,Vodacom,stocks,3,40,STXIND.JO,0.0,-1.2297866557956245,-2.7495317099277496,-6.2068520549712884,6.056932325393039,41.89360663738409,16.23599316852675
WHL.JO,Woolworths,stocks,3,35,STXIND.JO,0.0,-0.4897159647404506,-0.21606757022196033,-5.991337226927698,-1.1484777638613268,-19.509828671049235,-20.14806452786472
FSR.JO,FirstRand,stocks,3,80,STXFIN.JO,0.0,1.5160085982577214,-0.391815486918254,-5.618368090287343,17.36507365564148,14.176271443810384,40.27760252654894
SBK.JO,Standard Bank,stocks,3,75,STXFIN.JO,0.0,-0.5655877018566384,7.02012709879866,4.757322806052827,42.99835035787811,38.003321728829256,90.42348022123745
CPI.JO,Capitec,stocks,3,70,STXFIN.JO,0.0,-0.6226159544474543,1.5781790784733831,-6.230602043034123,24.965872990226654,30.90747724076854,122.53683679107755
ABG.JO,Absa,stocks,3,55,STXFIN.JO,0.0,-0.164256239733985,2.072581305808143,-4.521072796934866,40.06608630740013,44.170872060983896,26.18867100474509
SLM.JO,Sanlam,stocks,3,50,STXFIN.JO,0.0,-0.1128668171557562,-3.1518502769326586,-12.596714911883497,3.942089538338337,1.0555839164792726,66.42305123802211
NED.JO,Nedbank,stocks,3,45,STXFIN.JO,0.0,-2.0434274016669103,-2.5522456382212173,-4.4486868162924535,14.940012400394515,-6.832728178961814,23.751634154353646
DSY.JO,Discovery,stocks,3,40,STXFIN.JO,0.0,-0.10650887573964496,-1.2935311262755242,5.3460278995968125,18.71984074696559,31.763584873714894,107.31026923570445
OMU.JO,Old Mutual,stocks,3,35,STXFIN.JO,0.0,-2.0216606498194944,-2.475163790895086,-14.780556873681927,11.30509450207175,6.724546250864526,30.194208960146312
AGL.JO,Anglo American,stocks,3,80,STXRES.JO,0.0,2.685365536943254,9.971074150303165,-0.895845402757395,57.38273436218455,45.632440662995535,42.60895047987241
BHP.JO,BHP,stocks,3,70,STXRES.JO,,,,,,,
SOL.JO,Sasol,stocks,3,55,STXRES.JO,0.0,1.933139534883721,-2.3576367939852414,78.37219160661297,134.96761224033952,130.48860648553898,-26.633905643239757
GFI.JO,Gold Fields,stocks,3,50,STXRES.JO,0.0,0.7994546355974219,11.79155154164433,-9.243349029925824,49.90985261682311,205.75809258364205,470.0755385959324
AMS.JO,Anglo Plat,stocks,3,45,STXRES.JO,,,,,,,
IMP.JO,Impala Plat,stocks,3,40,STXRES.JO,0.0,3.7378736883785386,12.620900141856167,-10.719410942867201,54.471909289431345,145.83638859774405,31.524811224433268
SSW.JO,Sibanye,stocks,3,35,STXRES.JO,0.0,3.1220613127703594,9.288419374127965,-20.50632162251379,40.190928201298334,199.52316208481403,25.876211982873766
EXX.JO,Exxaro,stocks,3,30,STXRES.JO,0.0,-2.069886490095705,2.5593212437648596,13.524949687806389,38.17752020787964,29.35650878909951,8.74009100611132
EURUSD=X,EUR/USD,fx,1,100,,0.31877647206590876,0.9846607697889855,1.6505333573229772,-0.7001189323878099,1.9622252313809847,12.53601010379341,19.523023304676418
GBPUSD=X,GBP/USD,fx,1,90,,0.38736090504696413,1.0250467671318602,1.1281593980969995,-0.4904654451238177,2.0168425313580123,7.903863277475491,18.087774652446697
USDJPY=X,USD/JPY,fx,1,90,,-0.22862210782970582,-0.16465974219865734,0.08316875354447807,2.8275214112182656,7.651130883516578,3.8174246713918927,7.392768355963534
USDCAD=X,USD/CAD,fx,1,60,,-0.3728652154120966,-0.6445875883901792,-0.17154553716447368,1.3400224942431733,-0.2694062345801917,-2.273519448246377,0.848882568253842
USDCHF=X,USD/CHF,fx,1,60,,-0.21706379249304183,-1.1847748484636318,-0.824873835572567,1.6823419971282252,-3.150251616373062,-11.821454672942483,-21.826550545030425
AUDUSD=X,AUD/USD,fx,1,50,,1.0408251575943068,1.3778307095276812,2.51951361857926,1.3907361708426635,10.817169945569395,10.779875692442397,12.138905366272198
NZDUSD=X,NZD/USD,fx,1,40,,0.7751864018370277,1.1456285654758782,1.360431842415743,-2.055747894870234,0.13906390534657193,1.3775925847638921,1.1905976512576593
USDZAR=X,USD/ZAR,fx,1,40,,-0.06410032486813148,-0.048469986981115216,-3.171385483957766,2.7872553118536194,-8.504543166881495,-9.955491804388037,-10.098406195677963
USDCNY=X,USD/CNY,fx,1,50,,-0.1873964556567543,-0.20346932296856649,-1.078090094119262,-1.3472067324939199,-5.093688668635687,-5.991447177133172,-6.309262250349539
USDMXN=X,USD/MXN,fx,1,35,,-0.20835338783447596,-0.7437596568634771,-2.747453135257361,0.3381056912996585,-7.9603462080750935,-16.51373706600142,-12.587636952682427
BTC-USD,Bitcoin,crypto,1,200,,1.107996570073066,2.7740732089411795,5.179725592470802,11.959001148925035,-34.79540715086761,-21.84080798462681,272.0505197513657
ETH-USD,Ethereum,crypto,1,120,,1.7759790808837748,5.319085889291027,9.065804255211809,21.84603055687127,-35.813762286074954,-35.34566841474216,55.593322419355864
SOL-USD,Solana,crypto,1,70,,1.5104492433319114,0.24935608120347114,-7.271126203996879,7.3002411529519655,-49.43384628226572,-64.90333333795144,176.21082853177822
XRP-USD,XRP,crypto,1,60,,2.4358444764768694,2.830149219211609,-1.3603081994098194,1.9722676681967013,-53.37392444653263,-5.283231846815051,209.39907346382114
BNB-USD,BNB,crypto,1,50,,1.715331797408171,3.0658005462017925,-3.51570043025417,2.86285274634872,-18.87098003066156,-3.1597064627481677,95.08634939560237
ADA-USD,Cardano,crypto,1,40,,3.2265611690784133,-2.697638965923524,-8.474439575400126,-3.189954823973498,-66.64842207115686,-75.5858303839205,-35.91935303712723
DOGE-USD,Dogecoin,crypto,1,35,,2.298632177758496,1.5106553536291316,-1.0081254959935273,4.504168852221574,-53.64302914893756,-76.30284452327899,-25.565201993908975
AVAX-USD,Avalanche,crypto,1,30,,1.8557825404402963,0.8010440597048828,-1.9750056726400067,9.846806773604632,-57.355223331988846,-78.41156928790603,-47.031640448825115
DOT-USD,Polkadot,crypto,1,25,,1.9544690414690118,-8.989717301592579,-12.729005372433964,-5.309596024428016,-67.66447881381312,-85.96524864452938,-80.97665673942942
LINK-USD,Chainlink,crypto,1,25,,2.8064150010876143,2.070833231891346,-1.0527687519093183,11.603205522955921,-44.40950547698272,-50.3854509150844,24.884802182410994
GC=F,Gold,commodities,1,120,,0.004149125647668394,1.329307508912448,6.05302216465139,-4.8584253016640515,42.757402228180474,82.77966490428678,193.2004823769094
SI=F,Silver,commodities,1,60,,0.105804984212378,4.128453802047374,9.831260495412462,-5.109009051354898,110.44061037582335,163.9400827372882,305.4846782006112
CL=F,WTI Crude,commodities,1,110,,-0.28484020563926604,-5.747129615094398,0.7750187672800676,40.832431550587444,41.4452195825162,32.450516627239246,1.133329603407118
BZ=F,Brent Crude,commodities,1,100,,-0.09495090876237443,-0.5252101008698953,-7.356685758812017,36.45532401455214,41.57571806301659,30.02882681222471,-1.5183097527714473
NG=F,Natural Gas,commodities,1,70,,0.2693331875362582,-1.5861048067544488,-11.720866108822094,-17.50553932638712,-15.307116380271216,-18.664171357772975,-58.423741316911915
HG=F,Copper,commodities,1,60,,0.23062250559884048,3.6453410277085396,10.047025683921548,2.2776930058351437,38.567527246830515,49.60658881804529,73.57009557078753
PL=F,Platinum,commodities,1,35,,2.1347020011191633,3.9041528567346995,10.59111529481706,-0.41160976142301586,60.565618224453246,129.70115887116899,121.73506254832137
ZC=F,Corn,commodities,1,40,,1.9751693002257338,2.437641723356009,-3.3172819689673623,5.6725146198830405,18.959842001316655,8.659049909801563,-34.29090909090909
ZS=F,Soybeans,commodities,1,40,,0.6260794473229706,-0.8930469912821603,-0.5547258374226584,3.669928825622776,21.190847633905356,17.850821744627055,-19.07986111111111
ZW=F,Wheat,commodities,1,35,,1.435810810810811,5.166374781085814,0.4600585529067336,11.772917636109819,18.09242871189774,11.668991166899117,-29.01891252955083
KC=F,Coffee,commodities,1,35,,-1.569469716105346,-0.7330930230879049,-5.757675373492766,1.0515624938535235,1.5337423631943439,-8.66165890806859,63.546529716482226
CT=F,Cotton,commodities,1,25,,4.425613502284302,6.022939031948428,13.860365071786024,25.229867964955986,18.15829658953275,5.51855046273621,-1.7341806918759888
TLT,US 20Y+,bonds,1,100,,-0.43572670267992875,0.3931136266423509,0.38800408644478424,-0.6735983181947823,1.8277487988404446,-0.671899240772884,3.0288035712604495
IEF,US 7-10Y,bonds,1,80,,-0.2192286068123587,0.32539645104610476,0.5647275768008554,-0.06620048992670084,2.4495928221690013,6.401738593664033,14.166830853160409
SHY,US 1-3Y,bonds,1,60,,-0.024229544846936946,0.12134264006479015,0.43393287069820136,0.15693930386777682,2.234163312981192,5.863577421632474,15.2591616357522
LQD,IG Corporate,bonds,1,60,,-0.03637108047498703,0.6776607269639439,1.5283086386586309,0.06469806861995069,3.0745568776928214,6.6093626922983875,25.830675705482964
HYG,High Yield,bonds,1,50,,-0.04969057829483696,0.6253126634878795,1.8008406780446344,0.5156428470126436,4.152355583401362,9.324302288780776,34.9879060608702
EMB,EM Debt,bonds,1,50,,-0.21770587442029138,0.7853403141361256,2.423494220346323,0.1433127162212944,6.784093777366445,13.092693897572854,44.54651333989859
MBB,Mortgage,bonds,1,40,,-0.1990388049743397,0.31588440402997836,0.9239867274500208,0.250786950632832,4.444309503789476,8.077191682077647,20.42635374455249
TIP,TIPS,bonds,1,40,,-0.0896606072048629,0.36930613808929635,1.15286546917866,0.5595187801120456,2.529169563282626,6.689663741738508,15.058596536477262
IGLT.L,UK Gilts,bonds,1,40,,-0.15228774357179967,0.07631335092564388,0.22929975181628184,-1.329317264849549,1.3859934829402762,1.9980561239562693,3.9798455801120847
SDEU.L,Euro Govt,bonds,1,40,,-0.06344052117888709,-0.1414187504074021,0.0,-1.2823547689547226,-1.728569526718863,0.9714161760792265,1.7862376352972442
1482.T,Japan Govt,bonds,1,35,,0.18820577164366373,1.33248730964467,0.8264569814790895,-0.2938379241682474,0.14695225073788065,1.1264916740815085,-5.03865595967246
